-- Products module tables
-- Load initial testing data
-- (c) 2025 Lance Stubblefield

INSERT INTO products.options(optID, optName, optDesc, optType)
VALUES ('f2817e78-96df-4166-ae8b-604229f94d89','Sandwich_Options', 'Select your sandwich options.','checkbox'),
       ('629f870a-169b-47ec-9455-dc74dd0f9448','Bread',  'What type of bread would you like?','radio'),
       ('d38a1042-faa0-4bda-b19c-85a94f129039','Burger_Meat', 'How well would you like your protein cooked?','radio'),
       ('41d6259e-5a2c-4c59-b73d-2d7ffb34ba12','Asian_Options',  'Select your meal options.','checkbox'),
       ('d5c28e45-6d9e-478a-9551-bcce9837e3eb','Mexican_Options', 'Select your meal options.','checkbox'),
       ('00e456fb-5301-4b5c-b202-dbb40de0c49c','Italian_Options', 'Select your meal options.','checkbox'),
       ('22ffbc41-ae1d-486d-9c49-de91aa53f3ad','Spiciness', 'Select your meal options.','checkbox'),
       ('f205bfb1-ad5f-4e2f-be02-349cfd1121fe','Breakfast_Options', 'Select your breakfast options.','checkbox'),
       ('cf5f7db6-73a4-4ad1-be57-6229f319e5c0','Breakfast_Side', 'Choose a side.','radio'),
       ('d795c082-6a06-4540-9962-821e45a032bb','Lunch_Options', 'Select your lunch options.','checkbox'),
       ('1ce6652b-a27c-45e2-9dce-cd90574e131d','Lunch_Side', 'Choose a side.','radio'),
       ('89a69add-33e3-46e8-8a89-e326dec01d24','Dinner_Options', 'Select your dinner options.','checkbox'),
       ('fbc29267-3f62-4b4d-a2d6-cd60564d340f','Dinner_Side', 'Choose a side.','radio'),
       ('347d4472-477d-4e76-a684-8d034e11b7ea','Cheese_Selection', 'Choose your cheese.','radio'),
       ('50079f19-9cbc-4ce5-bb40-c805bde553b1','Protein_Selection', 'Choose a protein','radio'),
       ('0388b3ed-1362-425a-881c-77696929ca7c','Sauce', 'Choose a sauce.','radio'),
       ('0194155a-8763-4a43-ba9b-056a604d8c72','Dressing', 'Choose a dressing.','radio'),
       ('e3d2b7ac-688a-4cb1-abe6-0e9258c69b9b','Drink_Size', 'Choose drink size','radio'),
       ('d4116639-c277-47ce-8573-5dd81c955186','Notes_Requests',  'Enter custom request here.','text');

INSERT INTO products.optItems(itemID, optID, itemName, itemValue, itemCost)
VALUES ('aa556c3c-8677-4f11-b693-6650f0450122', 'f2817e78-96df-4166-ae8b-604229f94d89','Lettuce', 'selected', 0),
       ('35105b5b-478b-4701-9995-2981d5327316', 'f2817e78-96df-4166-ae8b-604229f94d89', 'Tomato', 'selected',  0),
       ('e0909861-9247-4a02-a977-3c344480ba29', 'f2817e78-96df-4166-ae8b-604229f94d89', 'Onion', '', 0),
       ('dd5a54d3-3f83-4d93-9653-c8c719c0c930', 'f2817e78-96df-4166-ae8b-604229f94d89', 'Spicy Mustard', '', 0.5),
       ('1832680f-ec7c-43a5-a01e-090b08592f07', 'd38a1042-faa0-4bda-b19c-85a94f129039', 'Rare', '', 0),
       ('64308aa7-94b8-4507-b559-e25be43d3265', 'd38a1042-faa0-4bda-b19c-85a94f129039', 'Medium', 'selected', 0),
       ('abd98e1b-f6fd-46b5-8e01-50951eb23bbb', 'd38a1042-faa0-4bda-b19c-85a94f129039', 'Medium-Well', '', 0),
       ('46b64194-8b6f-46e4-a745-fda28b235e87', 'd38a1042-faa0-4bda-b19c-85a94f129039', 'Well Done', '', 0),
       ('ca919f9e-869d-4574-9483-1df8d7ed24fa', '629f870a-169b-47ec-9455-dc74dd0f9448', 'French', 'selected', 0),
       ('edaac8ef-69bb-4443-b678-432c4da0c5ef', '629f870a-169b-47ec-9455-dc74dd0f9448', 'Sour Dough', '', 0),
       ('b6d25af4-31cf-4a5b-9c42-847d3cc6316e', '629f870a-169b-47ec-9455-dc74dd0f9448', 'Brioche', '', 0),
       ('a8968147-767f-410d-9979-9ce4079c5407', '629f870a-169b-47ec-9455-dc74dd0f9448', 'Rye', '', 0),
       ('e7c55e7d-4b17-45db-8648-638ba17bf64c', '629f870a-169b-47ec-9455-dc74dd0f9448','Whole Grain Wheat', '', 0),
       ('b2d01fc9-a0d7-44d6-89ed-5b538821be11', '629f870a-169b-47ec-9455-dc74dd0f9448', 'Thick Tortilla', '', 0),
       ('0257b7f2-9fa8-426f-a1c7-73fabf05aac8', '41d6259e-5a2c-4c59-b73d-2d7ffb34ba12', 'Rice', '', 0),
       ('bd9e859d-0e15-41d2-8b74-bdd2dd29dc98', '41d6259e-5a2c-4c59-b73d-2d7ffb34ba12', 'Noodles', 'selected', 0),
       ('25085022-39ed-43c8-8a5a-cf6235b41b7f', 'd5c28e45-6d9e-478a-9551-bcce9837e3eb', 'Rice and Refried Beans', 'selected', 0),
       ('77e0b693-9a9e-41f1-bff6-d46afb2d9aeb', 'd5c28e45-6d9e-478a-9551-bcce9837e3eb', 'Salad and Black Beans', '', 0),
       ('ca1219b5-65dd-4a04-b2b4-7bbe6f09857c', 'd5c28e45-6d9e-478a-9551-bcce9837e3eb', 'Chips, Salsa, and Guac', '', 1),
       ('1cff4fa9-7cec-40c3-af18-a0ae7c09fc16', '00e456fb-5301-4b5c-b202-dbb40de0c49c', 'Salad and Breadsticks', 'selected', 0),
       ('46825f6b-51bd-4cc6-b1d6-806d60d7a867', '00e456fb-5301-4b5c-b202-dbb40de0c49c', 'Pizza Bread and Marinara ', '', 1),
       ('81bd3c1b-59ac-4a2e-a1e5-90fcb52ee071', '22ffbc41-ae1d-486d-9c49-de91aa53f3ad', 'Mild ', 'selected', 0),
       ('4a66d766-f8f3-42e0-a013-1d45cc860c3d', '22ffbc41-ae1d-486d-9c49-de91aa53f3ad', 'Medium ', '', 0),
       ('8a496dae-d072-4e07-b12e-d95be279683b', '22ffbc41-ae1d-486d-9c49-de91aa53f3ad', 'Hot ', '', 0),
       ('6e722350-128d-472a-ae24-c88f9a243417', 'f205bfb1-ad5f-4e2f-be02-349cfd1121fe','Double Protein', '', 2.5),
       ('e0a9af4b-bbe5-4962-8c81-4ff772ab2cc9', 'f205bfb1-ad5f-4e2f-be02-349cfd1121fe', 'Coffee', '', 3),
       ('2f909b46-4ecd-4197-84fe-e25868bf38e3', 'f205bfb1-ad5f-4e2f-be02-349cfd1121fe', 'Syrup', '', 0),
       ('dbf707ff-9d3f-4305-a378-c6671c646370', 'f205bfb1-ad5f-4e2f-be02-349cfd1121fe', 'Fruit Jam', '', 0),
       ('b1529931-e045-419d-87e8-9278a6fcb2e3', 'f205bfb1-ad5f-4e2f-be02-349cfd1121fe', 'Gravy', '', 1),
       ('45a77089-d4f3-4bf7-966b-b68b6bff3e65', 'cf5f7db6-73a4-4ad1-be57-6229f319e5c0', 'Fruit', '', 0),
       ('f674e7b0-65b0-4b1b-91d9-ada8ccb3e8be', 'cf5f7db6-73a4-4ad1-be57-6229f319e5c0', 'Hashbrowns', '', 0),
       ('7f0f80d1-775d-4d96-95f8-2f5f7262ec2c', 'cf5f7db6-73a4-4ad1-be57-6229f319e5c0', 'Pancakes', '', 0),
       ('7ee9427d-2911-4614-a48c-9cf9bafa06d9', 'd795c082-6a06-4540-9962-821e45a032bb', 'Pickle', '', 0),
       ('bf9ab1ca-a40f-492a-a7b8-81525a9114fd', 'd795c082-6a06-4540-9962-821e45a032bb', 'Ketchup', '', 0),
       ('2f64187f-467a-41ae-933f-c8bd06b53761', '1ce6652b-a27c-45e2-9dce-cd90574e131d', 'Fries', '', 0),
       ('c624ac4a-7550-4e34-adcc-f4c0ff387967', '1ce6652b-a27c-45e2-9dce-cd90574e131d', 'Salad', 'selected', 0),
       ('06044837-c386-4b2d-b378-365ef0d1f831', '1ce6652b-a27c-45e2-9dce-cd90574e131d', 'Potato Salad', '', 1),
       ('7683068b-461e-4bb0-8c70-f563696deda3', '1ce6652b-a27c-45e2-9dce-cd90574e131d', 'Soup', '', 1),
       ('93b1d1fb-13d3-4fae-9e64-1bd4c0d47df1', '1ce6652b-a27c-45e2-9dce-cd90574e131d', 'Tots', '', 1),
       ('e60a428d-d33a-4fc6-a270-1ee0f6bcfbb0', '1ce6652b-a27c-45e2-9dce-cd90574e131d', 'Onion Rings', '', 1),
       ('2940f118-f796-4081-a32c-b04cd88ff379', '89a69add-33e3-46e8-8a89-e326dec01d24', 'Dinner Roll', '', 0.50),
       ('926bc314-38bd-41d2-8bfd-7c6a629e69b9', '89a69add-33e3-46e8-8a89-e326dec01d24', 'Breadsticks', 'selected', 0.50),
       ('7f0d14fe-76bb-48e1-a030-50eded8fa6f1', '89a69add-33e3-46e8-8a89-e326dec01d24', 'Pickle', '', 0),
       ('9930acf8-74c2-43ee-ae4e-18bae0f89211', 'fbc29267-3f62-4b4d-a2d6-cd60564d340f', 'Salad', '', 0),
       ('2efc8456-6676-4e92-b99a-c5e944738d41', 'fbc29267-3f62-4b4d-a2d6-cd60564d340f', 'Fries', 'selected', 0),
       ('eb50f495-57f7-4b42-8375-d5e3260d56b9', 'fbc29267-3f62-4b4d-a2d6-cd60564d340f', 'Mashed Potatoes', '', 0),
       ('3d0d303d-68a8-4708-938a-fc6f185f01bf', 'fbc29267-3f62-4b4d-a2d6-cd60564d340f', 'Soup', '', 0),
       ('7610adba-7552-48c0-a294-e0e99fc50cc7', '347d4472-477d-4e76-a684-8d034e11b7ea', 'Cheddar', '', 0),
       ('b6398b41-7513-45c6-b70a-d883e55c5bfc', '347d4472-477d-4e76-a684-8d034e11b7ea', 'American', 'selected', 0),
       ('1b51c418-5699-4810-9e65-686730d69406', '347d4472-477d-4e76-a684-8d034e11b7ea','Swiss', '', 0),
       ('5c25fd83-b72e-411b-99aa-2ec989c8e363', '347d4472-477d-4e76-a684-8d034e11b7ea', 'Bleu Cheese', '', 0),
       ('0e9bc15d-5a60-4a97-b8f1-2ae68157692e', '347d4472-477d-4e76-a684-8d034e11b7ea','Vegan Cheddar', '', 1),
       ('3a93c58c-6d14-4327-9de1-51760702ea9b', '50079f19-9cbc-4ce5-bb40-c805bde553b1', 'Ground Beef', 'selected', 0),
       ('2c7e9aff-22fb-40c3-b874-cd94682424a5', '50079f19-9cbc-4ce5-bb40-c805bde553b1','Crispy Chicken', '', 0),
       ('713e0257-05ed-41c9-9385-4e0e09c28925', '50079f19-9cbc-4ce5-bb40-c805bde553b1','Tender Chicken', '', 0),
       ('39b00ed1-a465-48ad-9e9d-e035d0277e19', '50079f19-9cbc-4ce5-bb40-c805bde553b1','Impossible Burger', '', 2),
       ('951cf5fb-1377-4c50-8d88-6bf7eee6dbac', '0388b3ed-1362-425a-881c-77696929ca7c', 'Ranch', 'selected', 0),
       ('068ce3f0-7a10-4207-8ae2-9e84d8953031', '0388b3ed-1362-425a-881c-77696929ca7c', 'Fry Sauce', '', 0),
       ('6cab140a-d582-4d29-8b1a-b1e89967d0a7', '0388b3ed-1362-425a-881c-77696929ca7c','Honey Mustard', '', 0),
       ('c6210de0-8fb5-409f-9074-04e6cf7fc164', '0388b3ed-1362-425a-881c-77696929ca7c','Zesty Barbecue', '', 0),
       ('ed471d32-6b76-4733-8c9a-e868c78616ed', '0388b3ed-1362-425a-881c-77696929ca7c','Salsa', '', 1),
       ('a4508178-d2d4-4899-9802-1dcfe4ae633f', '0194155a-8763-4a43-ba9b-056a604d8c72','Thousand Island', '', 0),
       ('1de0787a-d3d6-458a-9ec0-8d6c5943af9f', '0194155a-8763-4a43-ba9b-056a604d8c72','Ranch', '', 0),
       ('1bbc2c4c-40fc-4a86-aa5d-e631d0c1909f', '0194155a-8763-4a43-ba9b-056a604d8c72','Italian', '', 0),
       ('2deb2121-6514-4e3e-8c44-216957083a4c', 'e3d2b7ac-688a-4cb1-abe6-0e9258c69b9b','Small', '', 0),
       ('17ed7e8b-bf23-4d7d-8d45-9660fbeebc90', 'e3d2b7ac-688a-4cb1-abe6-0e9258c69b9b','Medium', 'selected', 1),
       ('6515161e-9c00-40db-8880-0aead6d367df', 'e3d2b7ac-688a-4cb1-abe6-0e9258c69b9b','Large', '', 2),
       ('1fa8071a-264a-4a05-b79f-d1e9d33c38ca', 'd4116639-c277-47ce-8573-5dd81c955186','Custom Request', '', 0);

INSERT INTO products.list(productID, productName, productShort, productDesc,
                          productPrice, productImage, productCategory, productSubCategory, productTags, productDeleted, productDateAdded)
VALUES ('d867ac1f-4a62-4759-94d7-245ab65b059b', 'Barbecue Beef Over Rice', '',
        'Spicy beef tips in a smoky sauce with vegetables. Served over rice.', 9.95, '/products/images/barbecuebeef.webp',
        'ebe993da-245a-4b6b-9853-227e9610d8f9', '8c02b7e0-8fd3-4dc8-9019-e6b916349516', 'meat, gluten-free, savory, American', 'n',now()),
       ('5b06474c-f016-4554-99e3-f56962e8ec43', 'Barbecue Bacon Cheeseburger', '',
        'Classic flavor served on a brioche bun.', 18.95, '/products/images/barbecuebaconburger.webp"',
        '83b38dd7-18cd-4b06-9c8f-8923b5432bda', '8a1f0614-9c8d-47bd-9c89-461f6770a64f', 'meat, vegetarian, dairy, savory, American', 'n',now()),
       ('6dd422fb-eb6c-4463-91f5-652d121673e8', 'Bean and Cheese Burrito Meal', '',
        'Bean, cheese, onions, and salsa baked under cheese inside a flour tortilla. Served with rice and salad.',
        15.95, '/products/images/beanburrito.webp"', 'ebe993da-245a-4b6b-9853-227e9610d8f9',
        'ad21bdba-5fce-412f-944d-3fd48447a71b', 'vegetarian, dairy, spicy, Mexican', 'n',now()),
       ('351f127b-bf25-4150-997f-e8da9e9d4952', 'Breakfast Bagel', '',
        'Cheese, creamcheese, bacon, and egg served on a buttered bagel.', 6.95, '/products/images/breakfastbagel.webp',
        'b6a666ce-4bad-4ba3-bea6-21b252090533', 'fde3bd12-b5a3-4466-8667-edf0c5f08f44', 'meat, vegetarian, vegan dairy, savory, European', 'n',now()),
       ('e63018e2-e99e-4fa1-9527-a40acde0b4c3', 'Chicken Wet-tops', '',
        'Saucy chicken and veggies servied over tortilla chips.', 11.95, '/products/images/chickwettop.webp',
        'ebe993da-245a-4b6b-9853-227e9610d8f9', '8c02b7e0-8fd3-4dc8-9019-e6b916349516', 'meat, dairy, vegetarian, spicy, hot, European', 'n',now()),
       ('56ed2723-ffa1-49b8-932e-e17acda94f79', 'Cheese and Onion Enchiladas', '',
        'Cheese and Onion filled tortillas baked in a tomato sauce. Served with chips and rice.', 14.95,
        '/products/images/enchiladas.webp', 'ebe993da-245a-4b6b-9853-227e9610d8f9', '8c02b7e0-8fd3-4dc8-9019-e6b916349516', 'meat, dairy, vegetarian, spicy, hot, Mexican', 'n',now()),
       ('fc6ad4e6-9c37-4872-832a-f5d68b815fd2', 'Beef Gyro and Waffle Fries', '',
        'A Greek favorite. Roasted beef covered in tzatziki sauce and cabbage mix.', 14.95, '/products/images/gyro.webp',
        '83b38dd7-18cd-4b06-9c8f-8923b5432bda', '4f97743e-87e0-45d5-bb4c-c7200a187466', 'meat, vegetarian, low-carb, spicy, Greek, European', 'n',now()),
       ('365cc0a6-ae88-473a-a272-dd345e72ebc8', 'Mini Taco Wrappers', '',
        'Mini tacos made inside crispy springroll wrappers.', 15.95, '/products/images/minitacos.webp',
        '83b38dd7-18cd-4b06-9c8f-8923b5432bda', '0d8d3b91-29f1-466b-8da9-949d2508521c', 'meat, dairy, vegetarian, spicy, hot, Fusion', 'n',now()),
       ('510d685c-ea2b-4f1d-943c-a59773d99614', 'Diet Oreo Coke', '',
        'Soon to be long forgotten. Not quite a favorite.', 3, '/products/images/oreocoke.webp',
        '71dd97ef-de40-4e85-a5c0-1bdddb24704e', '5e00c409-0e7b-41b5-b6d2-d1f698106a2b', 'low-carb, low-fat, gluten-free, sweet', 'n',now()),
       ('65f04ddd-af58-4912-a5b7-166dd0a4ce5c', 'Pepper Steak over Potatoes', '',
        'Mildly spicy black pepper sauce served over mashed garlic potatoes.', 10.95, '/products/images/peppersteak.webp',
        'ebe993da-245a-4b6b-9853-227e9610d8f9', '8c02b7e0-8fd3-4dc8-9019-e6b916349516', 'meat, gluten-free, spicy, savory, European', 'n',now()),
       ('e59667aa-286b-4a61-b21f-a4b78f93a4e5', 'Gravy and Potatoes', '',
        'Great twist on old favorite. Here the gravy is the star and the potatoes, the filler. Gravy is full of beef steak, onions, pepper and seasonings.',
        10.95, '/products/images/potatoesgravy.webp', 'ebe993da-245a-4b6b-9853-227e9610d8f9',
        '2aa8c54a-6d0c-4f17-bac8-bc7ce247b79a', 'meat, gluten-free, savory, American', 'n',now()),
       ('516883a9-ba29-4de7-95bc-5fa72cf021f8', 'Rolled Bean Tacos with Rice', '',
        'Bean and cheese rolled in a corn shell and deep fried to perfection. Served with spanish rice.', 14.95,
        '/products/images/rolledtacos.webp', '83b38dd7-18cd-4b06-9c8f-8923b5432bda', '8c02b7e0-8fd3-4dc8-9019-e6b916349516', 'meat, dairy, vegetarian, spicy, hot, Mexican', 'n',now()),
       ('603e0317-437e-45de-a760-59b01f7ea6db', 'Vegetable Spring Rolls', '',
        'Cabbage, onions, carrots filled in a springroll wrapper. Served with rice and sweet chili sauce.', 17.95,
        '/products/images/springrolls.webp', '83b38dd7-18cd-4b06-9c8f-8923b5432bda', '6e07c72a-c230-4e99-9596-6c91ec147363', 'meat, vegetarian, vegan, spicy, sweet, Asian, Chinese', 'n',now()),
       ('4c6bee37-acf9-4c16-91a5-c7ad1f884ba2', 'Super Nacho', '',
        'Huge plate of bean, taco meat, cheese, and veggie layers with chips to dip. Easily serves two. Served with a side of sour cream and our house-made guac.',
        12.95, '/products/images/supernacho.webp', '83b38dd7-18cd-4b06-9c8f-8923b5432bda',
        '0d8d3b91-29f1-466b-8da9-949d2508521c', 'meat, dairy, vegetarian, spicy, hot, Mexican', 'n',now()),
       ('203f97ec-0467-4a41-a632-a4b2a5538095', 'Taco Pizza', '',
        'Mexican favorite meets Italian favorite. Perfect blend of both. Feeds 2-4 people.', 21.95,
        '/products/images/tacopizza.webp', '83b38dd7-18cd-4b06-9c8f-8923b5432bda', '0d8d3b91-29f1-466b-8da9-949d2508521c', 'meat, dairy, vegetarian, spicy, Fusion, Mexican, Italian', 'n',now()),
       ('b02d356a-06aa-415d-8112-8f51fa7f0b59', 'Chicken Taco Platter', '',
        'Enough tacos for two. Share or keep for yourself. Served with our famous spanish rice.', 15,
        '/products/images/tacoplatter.webp', '83b38dd7-18cd-4b06-9c8f-8923b5432bda', '0d8d3b91-29f1-466b-8da9-949d2508521c', 'meat, dairy, spicy, hot, gluten-free, Mexican', 'n',now()),
       ('9d2a3adf-886a-4e46-8fbb-c9e2134d51ab', 'Beef Tacos and Waffle Fries', '',
        'Plenty of food if you''re hungry! Served with waffle fries.', 21.95, '/products/images/tacos.webp',
        '83b38dd7-18cd-4b06-9c8f-8923b5432bda', '0d8d3b91-29f1-466b-8da9-949d2508521c', 'meat, dairy, spicy, hot, gluten-free, Mexican', 'n',now()),
       ('79f749eb-1ecf-4812-899a-9f0c59dd8732', 'Taco Salad', '',
        'Taco toppings on tortilla chips with salsa, sour cream and house guac.', 16.95, '/products/images/tacosalad.webp',
        '83b38dd7-18cd-4b06-9c8f-8923b5432bda', '8a1f0614-9c8d-47bd-9c89-461f6770a64f', 'meat, dairy, vegetarian, vegan, spicy, hot, gluten-free, Mexican', 'n',now()),
       ('1fd07b6c-1b62-4d37-8a9d-c7f1cda8e6b1', 'Beef and Bean Tostadas for Two', '',
        'Beef, beans, cheese on crips tortillas with vegetables and sour cream.', 12.95, '/products/images/tostadas.webp',
        'ebe993da-245a-4b6b-9853-227e9610d8f9', '8c02b7e0-8fd3-4dc8-9019-e6b916349516', 'meat, dairy, spicy, hot, gluten-free, Mexican', 'n',now()),
       ('c9444e95-8aaa-4fee-8df6-89767f56fae0', 'Wet Pork Burrito', '',
        'Pork and cheese burrito baked in enchilada sauce. Served with corn on the cob and tater tots.', 17.95,
        '/products/images/wetburrito.webp', 'ebe993da-245a-4b6b-9853-227e9610d8f9', 'ad21bdba-5fce-412f-944d-3fd48447a71b', 'vegetarian, vegan, gluten-free, American', 'n',now()),
       ('6ed24460-520e-4d85-8a00-a8f68eb969f4', 'Cheesy Pasta', '', 'Very cheesy pasta!', 20, '/products/images/tacosalad.webp',
        'ebe993da-245a-4b6b-9853-227e9610d8f9', '2aa8c54a-6d0c-4f17-bac8-bc7ce247b79a', 'vegetarian, dairy, savory, Italian', 'n',now()),
       ('9691b777-8c5a-4c97-932f-a6c85dfb9912', 'Sausage and Rice', '', 'Mexican favorite!', 15,
        '/products/images/tacosalad.webp', 'b6a666ce-4bad-4ba3-bea6-21b252090533', 'fde3bd12-b5a3-4466-8667-edf0c5f08f44', 'meat, dairy, spicy, hot, gluten-free, Mexican', 'n',now()),
       ('a8cf191a-65c9-4af1-b2fd-6c7e864f92b1', 'French Toast', '', 'Probably not actually from France.', 42.59,
        '/products/images/tacosalad.webp', 'b6a666ce-4bad-4ba3-bea6-21b252090533', 'fde3bd12-b5a3-4466-8667-edf0c5f08f44', 'vegetarian, vegan, gluten-free, American, European', 'n',now()),
       ('1a1401e1-dbc0-46db-af4c-8a50438d3c85', 'Loaded Hashbrowns', '',
        'Julienned potatoes with all the toppings. I mean ALL THE TOPPINGS!', 19.99, '/products/images/tacosalad.webp',
        'b6a666ce-4bad-4ba3-bea6-21b252090533', '92fe5e22-d55d-486d-80b4-3559c04ad08e', 'vegetarian, vegan, gluten-free, American', 'n',now()),
       ('448fd97c-076f-4e32-a42a-e90dd74eb730', 'Cinnamon Brownie', '', 'Yum. Absolutely yum.', 8.45,
        '/products/images/tacosalad.webp', '6e008a71-3375-4839-aacf-f27a8e3c1521', 'b8704f24-5852-42af-91e4-13c944f8acbd', 'vegetarian, vegan, sweet, American', 'n',now());

INSERT INTO products.prodOpts (optID, prodID)
VALUES ('22ffbc41-ae1d-486d-9c49-de91aa53f3ad','d867ac1f-4a62-4759-94d7-245ab65b059b'),
       ('89a69add-33e3-46e8-8a89-e326dec01d24','d867ac1f-4a62-4759-94d7-245ab65b059b'),
       ('fbc29267-3f62-4b4d-a2d6-cd60564d340f','d867ac1f-4a62-4759-94d7-245ab65b059b'),
       ('d38a1042-faa0-4bda-b19c-85a94f129039','5b06474c-f016-4554-99e3-f56962e8ec43'),
       ('d795c082-6a06-4540-9962-821e45a032bb','5b06474c-f016-4554-99e3-f56962e8ec43'),
       ('1ce6652b-a27c-45e2-9dce-cd90574e131d','5b06474c-f016-4554-99e3-f56962e8ec43'),
       ('d5c28e45-6d9e-478a-9551-bcce9837e3eb','6dd422fb-eb6c-4463-91f5-652d121673e8'),
       ('347d4472-477d-4e76-a684-8d034e11b7ea','6dd422fb-eb6c-4463-91f5-652d121673e8'),
       ('50079f19-9cbc-4ce5-bb40-c805bde553b1','6dd422fb-eb6c-4463-91f5-652d121673e8'),
       ('f205bfb1-ad5f-4e2f-be02-349cfd1121fe','351f127b-bf25-4150-997f-e8da9e9d4952'),
       ('cf5f7db6-73a4-4ad1-be57-6229f319e5c0','351f127b-bf25-4150-997f-e8da9e9d4952'),
       ('d5c28e45-6d9e-478a-9551-bcce9837e3eb','e63018e2-e99e-4fa1-9527-a40acde0b4c3'),
       ('22ffbc41-ae1d-486d-9c49-de91aa53f3ad','e63018e2-e99e-4fa1-9527-a40acde0b4c3'),
       ('d5c28e45-6d9e-478a-9551-bcce9837e3eb','56ed2723-ffa1-49b8-932e-e17acda94f79'),
       ('22ffbc41-ae1d-486d-9c49-de91aa53f3ad','56ed2723-ffa1-49b8-932e-e17acda94f79'),
       ('d5c28e45-6d9e-478a-9551-bcce9837e3eb','365cc0a6-ae88-473a-a272-dd345e72ebc8'),
       ('22ffbc41-ae1d-486d-9c49-de91aa53f3ad','365cc0a6-ae88-473a-a272-dd345e72ebc8'),
       ('d5c28e45-6d9e-478a-9551-bcce9837e3eb','4c6bee37-acf9-4c16-91a5-c7ad1f884ba2'),
       ('22ffbc41-ae1d-486d-9c49-de91aa53f3ad','4c6bee37-acf9-4c16-91a5-c7ad1f884ba2'),
       ('d5c28e45-6d9e-478a-9551-bcce9837e3eb','203f97ec-0467-4a41-a632-a4b2a5538095'),
       ('22ffbc41-ae1d-486d-9c49-de91aa53f3ad','203f97ec-0467-4a41-a632-a4b2a5538095'),
       ('d5c28e45-6d9e-478a-9551-bcce9837e3eb','1fd07b6c-1b62-4d37-8a9d-c7f1cda8e6b1'),
       ('22ffbc41-ae1d-486d-9c49-de91aa53f3ad','1fd07b6c-1b62-4d37-8a9d-c7f1cda8e6b1'),
       ('d5c28e45-6d9e-478a-9551-bcce9837e3eb','c9444e95-8aaa-4fee-8df6-89767f56fae0'),
       ('22ffbc41-ae1d-486d-9c49-de91aa53f3ad','c9444e95-8aaa-4fee-8df6-89767f56fae0'),
       ('d795c082-6a06-4540-9962-821e45a032bb','fc6ad4e6-9c37-4872-832a-f5d68b815fd2'),
       ('1ce6652b-a27c-45e2-9dce-cd90574e131d','fc6ad4e6-9c37-4872-832a-f5d68b815fd2'),
       ('e3d2b7ac-688a-4cb1-abe6-0e9258c69b9b','510d685c-ea2b-4f1d-943c-a59773d99614'),
       ('89a69add-33e3-46e8-8a89-e326dec01d24','65f04ddd-af58-4912-a5b7-166dd0a4ce5c'),
       ('fbc29267-3f62-4b4d-a2d6-cd60564d340f','65f04ddd-af58-4912-a5b7-166dd0a4ce5c'),
       ('629f870a-169b-47ec-9455-dc74dd0f9448','e59667aa-286b-4a61-b21f-a4b78f93a4e5'),
       ('d5c28e45-6d9e-478a-9551-bcce9837e3eb','516883a9-ba29-4de7-95bc-5fa72cf021f8'),
       ('d795c082-6a06-4540-9962-821e45a032bb','516883a9-ba29-4de7-95bc-5fa72cf021f8'),
       ('1ce6652b-a27c-45e2-9dce-cd90574e131d','516883a9-ba29-4de7-95bc-5fa72cf021f8'),
       ('d5c28e45-6d9e-478a-9551-bcce9837e3eb','b02d356a-06aa-415d-8112-8f51fa7f0b59'),
       ('d795c082-6a06-4540-9962-821e45a032bb','b02d356a-06aa-415d-8112-8f51fa7f0b59'),
       ('1ce6652b-a27c-45e2-9dce-cd90574e131d','b02d356a-06aa-415d-8112-8f51fa7f0b59'),
       ('d5c28e45-6d9e-478a-9551-bcce9837e3eb','9d2a3adf-886a-4e46-8fbb-c9e2134d51ab'),
       ('d795c082-6a06-4540-9962-821e45a032bb','9d2a3adf-886a-4e46-8fbb-c9e2134d51ab'),
       ('1ce6652b-a27c-45e2-9dce-cd90574e131d','9d2a3adf-886a-4e46-8fbb-c9e2134d51ab'),
       ('d5c28e45-6d9e-478a-9551-bcce9837e3eb','79f749eb-1ecf-4812-899a-9f0c59dd8732'),
       ('d795c082-6a06-4540-9962-821e45a032bb','79f749eb-1ecf-4812-899a-9f0c59dd8732'),
       ('1ce6652b-a27c-45e2-9dce-cd90574e131d','79f749eb-1ecf-4812-899a-9f0c59dd8732'),
       ('41d6259e-5a2c-4c59-b73d-2d7ffb34ba12','603e0317-437e-45de-a760-59b01f7ea6db'),
       ('d795c082-6a06-4540-9962-821e45a032bb','603e0317-437e-45de-a760-59b01f7ea6db'),
       ('00e456fb-5301-4b5c-b202-dbb40de0c49c','6ed24460-520e-4d85-8a00-a8f68eb969f4'),
       ('d795c082-6a06-4540-9962-821e45a032bb','6ed24460-520e-4d85-8a00-a8f68eb969f4'),
       ('347d4472-477d-4e76-a684-8d034e11b7ea','6ed24460-520e-4d85-8a00-a8f68eb969f4'),
       ('f205bfb1-ad5f-4e2f-be02-349cfd1121fe','9691b777-8c5a-4c97-932f-a6c85dfb9912'),
       ('cf5f7db6-73a4-4ad1-be57-6229f319e5c0','9691b777-8c5a-4c97-932f-a6c85dfb9912'),
       ('f205bfb1-ad5f-4e2f-be02-349cfd1121fe','a8cf191a-65c9-4af1-b2fd-6c7e864f92b1'),
       ('cf5f7db6-73a4-4ad1-be57-6229f319e5c0','a8cf191a-65c9-4af1-b2fd-6c7e864f92b1'),
       ('f205bfb1-ad5f-4e2f-be02-349cfd1121fe','1a1401e1-dbc0-46db-af4c-8a50438d3c85'),
       ('cf5f7db6-73a4-4ad1-be57-6229f319e5c0','1a1401e1-dbc0-46db-af4c-8a50438d3c85')
;
